{
    "criteria": {
      "requirement": {
        "trigger": "minecraft:player_interacted_with_entity",
        "conditions": {
          "entity": [
            {
              "condition": "minecraft:entity_properties",
              "entity": "this",
              "predicate": {
                "type": "minecraft:interaction",
                "nbt": "{Tags:[\"redint\"]}"
              }
            }
          ]
        }
      }
    },
    "rewards": {
      "function": "addie:tardis/colors/chech_pilots/check_pilot_red"
    }
  }