{
  "type": "minecraft:crafting_shaped",
  "category": "misc",
  "pattern": [
    "III",
    "RER",
    "GGG"
  ],
  "key": {
    "R": {
      "item": "minecraft:redstone"
    },
    "I": {
      "item": "minecraft:iron_ingot"
    },
    "G": {
      "item": "minecraft:gold_nugget"
    },
    "E": {
      "item": "minecraft:end_stone"
    }
  },
  "result": {
    "id": "minecraft:netherite_upgrade_smithing_template",
    "components": {
      "minecraft:custom_model_data": 2,
      "minecraft:custom_name": "{\"color\":\"light_purple\",\"text\":\"End Upgrade\"}"
    }
  }
}
